ID,Probability
6,0.1145
8,0.2958
15,0.2348
16,0.3293
23,0.0812
27,0.1815
46,0.2297
58,0.2428
63,0.2828
67,0.3285
72,0.1128
87,0.2637
103,0.2477
107,0.2189
118,0.1966
136,0.1928
140,0.4434
147,0.1446
157,0.1594
159,0.3159
167,0.4963
175,0.1749
179,0.3277
198,0.2117
209,0.2785
211,0.2033
214,0.2416
216,0.0889
217,0.1838
222,0.3096
232,0.3746
233,0.1013
244,0.2616
248,0.1234
256,0.3324
258,0.3472
270,0.2229
275,0.2563
288,0.2723
291,0.2642
295,0.1905
312,0.1102
315,0.1672
332,0.2802
341,0.1411
350,0.1405
357,0.2809
362,0.3564
364,0.2525
371,0.1263
372,0.4666
380,0.0798
387,0.0748
402,0.1104
406,0.1165
410,0.5437
411,0.015
420,0.2838
452,0.2605
457,0.3617
473,0.2412
484,0.3344
486,0.0924
489,0.1679
494,0.086
496,0.3208
498,0.2313
503,0.2321
506,0.4198
509,0.2846
529,0.2715
535,0.3318
537,0.2867
551,0.4238
557,0.015
569,0.2007
571,0.3031
578,0.015
579,0.211
581,0.1871
588,0.2904
592,0.2332
596,0.1352
597,0.2396
599,0.3773
601,0.3026
606,0.2425
610,0.2129
617,0.1271
618,0.1072
626,0.3157
628,0.1759
632,0.1379
634,0.2551
640,0.2031
646,0.2717
647,0.4785
656,0.2355
659,0.2859
671,0.2218
686,0.0894
687,0.3772
695,0.2213
698,0.2134
699,0.2362
708,0.2184
711,0.2326
714,0.1954
716,0.1796
726,0.2452
731,0.1795
738,0.1783
741,0.2676
742,0.1744
750,0.3453
760,0.2596
761,0.2999
764,0.1407
773,0.3554
774,0.2956
789,0.218
793,0.3263
794,0.2341
796,0.2508
797,0.204
798,0.1384
803,0.1875
809,0.3138
815,0.174
816,0.2239
821,0.015
822,0.2806
835,0.1686
840,0.3021
847,0.4782
860,0.0854
879,0.3112
889,0.2269
891,0.2689
892,0.2058
898,0.2426
902,0.015
912,0.1999
917,0.2004
920,0.015
927,0.2007
933,0.1715
934,0.396
939,0.1116
944,0.1727
958,0.2716
960,0.1996
966,0.2307
989,0.2803
993,0.2011
994,0.2312
999,0.5318
1004,0.1402
1005,0.015
1014,0.1788
1016,0.136
1021,0.1244
1024,0.2454
1031,0.015
1033,0.1783
1038,0.0938
1045,0.2353
1049,0.1679
1066,0.1751
1070,0.176
1075,0.1904
1082,0.177
1090,0.3665
1104,0.1647
1105,0.0813
1113,0.2235
1123,0.3374
1124,0.015
1126,0.3129
1131,0.3708
1132,0.2735
1134,0.1205
1137,0.2496
1139,0.1354
1143,0.2968
1149,0.3986
1152,0.1417
1168,0.0158
1182,0.1843
1186,0.1968
1190,0.1821
1195,0.1293
1196,0.1391
1208,0.1028
1223,0.2381
1233,0.3802
1238,0.2608
1240,0.4143
1249,0.3337
1255,0.2892
1267,0.2744
1272,0.2588
1282,0.3124
1289,0.1438
1291,0.1689
1299,0.1821
1300,0.2417
1305,0.2255
1316,0.1563
1319,0.31
1323,0.0158
1326,0.2988
1335,0.178
1337,0.0795
1338,0.2825
1341,0.0158
1348,0.1591
1352,0.015
1371,0.3598
1377,0.1191
1381,0.2631
1382,0.129
1386,0.254
1392,0.2633
1395,0.1782
1402,0.226
1414,0.2247
1426,0.175
1428,0.2285
1433,0.2448
1434,0.0795
1435,0.2081
1437,0.2561
1448,0.1743
1449,0.3101
1451,0.3222
1452,0.2455
1453,0.3154
1458,0.397
1465,0.0734
1470,0.1835
1471,0.2861
1476,0.364
1478,0.015
1479,0.2917
1481,0.1924
1491,0.2292
1493,0.2943
1498,0.2287
1509,0.1766
1513,0.3254
1536,0.2056
1539,0.1607
1552,0.2826
1559,0.1766
1560,0.1714
1561,0.2237
1572,0.0172
1580,0.0745
1603,0.1994
1614,0.4104
1616,0.1374
1621,0.2122
1623,0.2195
1628,0.2575
1635,0.1028
1649,0.2333
1650,0.2551
1664,0.015
1666,0.2842
1670,0.1724
1692,0.1365
1708,0.4119
1710,0.1784
1714,0.2328
1722,0.2934
1723,0.2525
1735,0.192
1740,0.1549
1744,0.2649
1747,0.2007
1753,0.2581
1755,0.0635
1760,0.015
1766,0.287
1769,0.1789
1773,0.3113
1779,0.3006
1780,0.2665
1787,0.3216
1792,0.148
1793,0.015
1794,0.2857
1799,0.3674
1806,0.3722
1811,0.2833
1813,0.3059
1817,0.2432
1820,0.32
1822,0.1614
1829,0.1717
1831,0.2469
1841,0.3069
1842,0.2022
1852,0.2729
1854,0.1142
1873,0.072
1874,0.2101
1880,0.2291
1884,0.1151
1892,0.1045
1893,0.4134
1904,0.1244
1919,0.2887
1927,0.1549
1936,0.0155
1937,0.1809
1939,0.0169
1940,0.0155
1941,0.1049
1946,0.0812
1947,0.0179
1951,0.0156
1969,0.2847
1974,0.0726
1975,0.015
1977,0.2451
1998,0.1852
1999,0.3343
2008,0.2312
2012,0.1993
2028,0.37
2029,0.4308
2030,0.1849
2034,0.3874
2035,0.2906
2037,0.0684
2045,0.0867
2046,0.1042
2051,0.191
2056,0.015
2069,0.3253
2070,0.1887
2079,0.2946
2082,0.218
2084,0.3201
2091,0.2477
2099,0.1059
2101,0.3346
2106,0.2307
2116,0.2309
2124,0.3463
2133,0.1581
2135,0.2361
2137,0.0921
2140,0.1962
2141,0.0656
2142,0.0713
2145,0.31
2155,0.0767
2162,0.2767
2164,0.2794
2168,0.2256
2175,0.3171
2185,0.0728
2194,0.2285
2207,0.2231
2212,0.0155
2213,0.4036
2220,0.2309
2225,0.1046
2227,0.3525
2235,0.3503
2242,0.2604
2258,0.2514
2261,0.3133
2264,0.262
2274,0.3795
2282,0.1635
2287,0.015
2293,0.1462
2307,0.3908
2309,0.0158
2312,0.2041
2314,0.2457
2320,0.015
2322,0.2055
2329,0.2868
2332,0.015
2336,0.2275
2354,0.015
2355,0.1348
2356,0.2693
2360,0.2355
2363,0.0974
2368,0.0155
2372,0.2604
2375,0.4375
2378,0.0158
2381,0.2539
2387,0.0155
2391,0.2963
2404,0.4241
2405,0.3068
2409,0.015
2417,0.2669
2418,0.1994
2425,0.3318
2428,0.5509
2434,0.1452
2441,0.2434
2447,0.104
2449,0.2548
2453,0.1097
2455,0.1951
2467,0.0612
2480,0.2512
2481,0.0155
2487,0.015
2489,0.1967
2493,0.2682
2497,0.1147
2499,0.263
2504,0.2671
2515,0.0159
2525,0.164
2528,0.2766
2531,0.2834
2533,0.1502
2534,0.1653
2540,0.2222
2543,0.015
2554,0.1673
2569,0.2684
2572,0.2125
2575,0.1911
2600,0.0957
2604,0.172
2611,0.3872
2618,0.0155
2619,0.2495
2621,0.015
2625,0.1209
2637,0.1457
2642,0.3121
2646,0.1698
2653,0.1717
2665,0.209
2671,0.1277
2672,0.0161
2676,0.1686
2684,0.3564
2698,0.256
2708,0.015
2712,0.0158
2716,0.0698
2720,0.2265
2723,0.015
2724,0.4015
2729,0.1165
2741,0.1086
2751,0.4023
2765,0.0156
2778,0.0597
2785,0.015
2790,0.0683
2791,0.3361
2794,0.1147
2801,0.0565
2805,0.0471
2807,0.0836
2818,0.2763
2852,0.2757
2856,0.0875
2858,0.2625
2859,0.0859
2862,0.1972
2881,0.0155
2884,0.3387
2888,0.124
2892,0.015
2901,0.1618
2904,0.0915
2905,0.015
2913,0.1942
2919,0.1702
2926,0.267
2927,0.2715
2953,0.2022
2957,0.015
2963,0.1345
2967,0.2562
2968,0.0156
2977,0.1787
2978,0.0158
2980,0.0173
2990,0.1764
2992,0.0979
2994,0.0158
2997,0.015
3001,0.1174
3005,0.2062
3007,0.1773
3009,0.0155
3020,0.0155
3021,0.0659
3027,0.1822
3035,0.243
3042,0.1791
3049,0.1821
3057,0.2037
3072,0.3774
3073,0.0158
3080,0.015
3100,0.2136
3106,0.2193
3108,0.0979
3110,0.104
3145,0.015
3155,0.015
3167,0.1125
3171,0.1803
3172,0.0155
3178,0.0155
3180,0.1239
3188,0.0155
3193,0.1679
3211,0.0795
3221,0.0156
3227,0.2599
3229,0.0869
3232,0.0787
3238,0.0666
3239,0.0155
3243,0.259
3246,0.1053
3253,0.015
3262,0.1193
3264,0.1884
3271,0.2727
3278,0.2116
3286,0.2017
3287,0.2106
3292,0.1727
3298,0.0155
3301,0.1056
3304,0.2187
3308,0.275
3321,0.0884
3323,0.1959
3341,0.0184
3354,0.4616
3369,0.3157
3372,0.0673
3377,0.1473
3382,0.2831
3384,0.1196
3388,0.2625
3396,0.0647
3400,0.2585
3405,0.0158
3424,0.2149
3427,0.5547
3429,0.1187
3434,0.015
3441,0.015
3449,0.4559
3450,0.3022
3454,0.3418
3462,0.2681
3468,0.2041
3484,0.2483
3488,0.109
3490,0.4265
3496,0.2598
3503,0.3026
3513,0.0984
3520,0.2378
3530,0.1975
3532,0.0984
3533,0.015
3534,0.2091
3536,0.1176
3539,0.2006
3542,0.1683
3552,0.2358
3580,0.1909
3589,0.2028
3592,0.2709
3596,0.0912
3599,0.177
3606,0.1333
3608,0.2606
3620,0.2605
3624,0.2638
3637,0.185
3640,0.0897
3641,0.2204
3647,0.3395
3648,0.015
3657,0.1519
3663,0.1
3666,0.2031
3677,0.2358
3680,0.232
3681,0.1781
3686,0.207
3696,0.1836
3714,0.0684
3716,0.1329
3717,0.1654
3724,0.252
3727,0.015
3728,0.1821
3729,0.1502
3740,0.2336
3741,0.1427
3745,0.1829
3766,0.22
3768,0.2852
3781,0.155
3784,0.2227
3792,0.2289
3799,0.1105
3804,0.19
3807,0.1423
3815,0.2227
3819,0.1133
3833,0.3139
3844,0.2689
3845,0.3488
3848,0.1257
3849,0.1776
3850,0.1546
3858,0.2818
3860,0.1714
3873,0.1196
3878,0.0388
3883,0.2055
3889,0.487
3896,0.2389
3904,0.1638
3910,0.3682
3911,0.2074
3920,0.0829
3938,0.2017
3942,0.2856
3943,0.1794
3945,0.0158
3946,0.259
3956,0.4026
3959,0.301
3965,0.1115
3972,0.2103
3981,0.1576
3986,0.2589
3988,0.1227
3989,0.1865
3993,0.1448
3997,0.3929
4020,0.3913
4021,0.3081
4027,0.1912
4030,0.2406
4031,0.2673
4044,0.2343
4046,0.2361
4049,0.224
4053,0.3987
4054,0.2866
4066,0.2978
4082,0.3368
4087,0.2608
4089,0.2426
4104,0.1597
4110,0.2542
4111,0.3292
4115,0.2525
4118,0.1605
4147,0.2913
4152,0.2472
4176,0.1392
4188,0.1847
4190,0.206
4214,0.3477
4217,0.193
4249,0.3162
4261,0.0712
4267,0.2013
4270,0.2628
4276,0.2341
4287,0.1563
4316,0.2932
4323,0.2942
4324,0.2077
4326,0.35
4327,0.2574
4332,0.2376
4343,0.2632
4357,0.3536
4367,0.3937
4371,0.2366
4372,0.102
4389,0.1813
4409,0.1398
4411,0.1534
4413,0.1648
4414,0.3215
4429,0.2481
4439,0.2585
4441,0.0987
4442,0.1871
4444,0.2772
4450,0.015
4460,0.2478
4463,0.2408
4479,0.1817
4493,0.143
4494,0.2607
4496,0.1997
4508,0.2954
4511,0.1887
4512,0.1518
4514,0.2013
4526,0.2148
4537,0.2168
4548,0.2079
4551,0.2783
4552,0.2363
4557,0.2157
4559,0.26
4562,0.2417
4570,0.1136
4571,0.2322
4575,0.1455
4576,0.1121
4581,0.2185
4587,0.4007
4593,0.3463
4611,0.2058
4612,0.2606
4614,0.0646
4621,0.1045
4622,0.2515
4628,0.345
4633,0.015
4636,0.2669
4638,0.1212
4644,0.3452
4647,0.1676
4658,0.2493
4661,0.2162
4670,0.1782
4680,0.2637
4681,0.2294
4683,0.1732
4685,0.1815
4695,0.2656
4697,0.0608
4700,0.1224
4704,0.3465
4726,0.1265
4728,0.4549
4731,0.4256
4736,0.2015
4740,0.0884
4745,0.4095
4756,0.3581
4769,0.2902
4773,0.4145
4780,0.1605
4788,0.3437
4794,0.2463
4800,0.2439
4801,0.0861
4829,0.2223
4831,0.2301
4833,0.1459
4840,0.1487
4856,0.2771
4857,0.2255
4861,0.1711
4862,0.2897
4873,0.2303
4876,0.2746
4877,0.3279
4889,0.1668
4892,0.2925
4895,0.2735
4899,0.015
4901,0.246
4905,0.1738
4912,0.0696
4919,0.015
4926,0.2182
4928,0.1563
4929,0.2921
4931,0.2183
4937,0.3324
4939,0.2147
4948,0.1552
4960,0.2047
4970,0.097
4973,0.2136
4979,0.0512
4984,0.1382
4988,0.2402
4997,0.3634
5000,0.1049
5006,0.3353
5022,0.1226
5028,0.1387
5031,0.015
5032,0.1046
5039,0.1635
5041,0.2812
5043,0.0916
5051,0.2093
5060,0.1199
5063,0.2159
5067,0.1262
5077,0.2144
5078,0.0826
5079,0.1994
5081,0.2423
5085,0.1271
5088,0.2311
5091,0.2455
5094,0.091
5111,0.1257
5134,0.2531
5135,0.1764
5138,0.0625
5143,0.1079
5145,0.1581
5151,0.015
5162,0.1836
5165,0.1277
5169,0.1672
5173,0.2452
5175,0.2916
5176,0.0933
5182,0.1766
5190,0.1978
5205,0.119
5207,0.015
5211,0.226
5217,0.2199
5228,0.1217
5233,0.1116
5234,0.1194
5240,0.2463
5244,0.1144
5245,0.1974
5256,0.1374
5259,0.1491
5261,0.1831
5267,0.1205
5268,0.0621
5275,0.1328
5280,0.2449
5281,0.1086
5286,0.2122
5290,0.1867
5291,0.2174
5293,0.1904
5297,0.206
5298,0.2292
5302,0.3336
5307,0.2992
5309,0.076
5318,0.0679
5319,0.4433
5323,0.063
5332,0.1782
5334,0.2278
5339,0.2292
5347,0.1501
5348,0.0729
5353,0.3378
5354,0.2749
5362,0.2859
5366,0.2247
5369,0.0839
5377,0.2405
5384,0.0848
5385,0.117
5388,0.245
5389,0.1375
5390,0.1604
5394,0.1414
5396,0.0996
5398,0.0529
5412,0.1105
5413,0.1576
5414,0.0742
5420,0.1584
5424,0.2535
5425,0.1196
5426,0.1426
5432,0.2497
5440,0.2626
5442,0.118
5449,0.0502
5451,0.1287
5457,0.2633
5459,0.2063
5466,0.2515
5480,0.094
5482,0.0662
5485,0.1888
5489,0.2792
5491,0.231
5513,0.0795
5520,0.3067
5527,0.2215
5536,0.0816
5537,0.2196
5541,0.1759
5544,0.0557
5548,0.1298
5551,0.1032
5558,0.0649
5560,0.2246
5563,0.2388
5583,0.3146
5589,0.3969
5590,0.0934
5591,0.2524
5600,0.0849
5603,0.2069
5614,0.126
5617,0.3322
5622,0.0918
5624,0.1908
5636,0.117
5638,0.4755
5639,0.0789
5640,0.2153
5641,0.1432
5642,0.1069
5657,0.2311
5659,0.3746
5667,0.0905
5679,0.0158
5692,0.1825
5694,0.2293
5695,0.259
5697,0.3169
5699,0.1377
5709,0.1145
5711,0.0891
5721,0.163
5722,0.1151
5726,0.0908
5727,0.0858
5731,0.3493
5733,0.061
5741,0.3092
5746,0.1506
5756,0.1155
5767,0.1297
5772,0.1523
5773,0.1224
5783,0.2414
5785,0.2839
5788,0.2535
5797,0.1907
5799,0.3226
5800,0.1533
5804,0.0158
5815,0.12
5819,0.127
5825,0.1551
5827,0.015
5830,0.1254
5831,0.2109
5834,0.2244
5836,0.1153
5858,0.2786
5865,0.3038
5879,0.0155
5882,0.1037
5891,0.3706
5892,0.1219
5904,0.1436
5909,0.3255
5916,0.3117
5919,0.2124
5920,0.3007
5924,0.3048
5931,0.2922
5942,0.4754
5944,0.2049
5945,0.1222
5955,0.1608
5967,0.3013
5968,0.2163
5973,0.2383
5977,0.2829
5997,0.0907
5998,0.1397
5999,0.2085
6002,0.1798
6012,0.2153
6013,0.1794
6019,0.0773
6020,0.2337
6024,0.1395
6027,0.1629
6032,0.2312
6037,0.2503
6039,0.1989
6063,0.1451
6072,0.0923
6077,0.1652
6096,0.1876
6101,0.4419
6107,0.2384
6113,0.0729
6117,0.2703
6118,0.1931
6123,0.0168
6128,0.1525
6134,0.0706
6135,0.2822
6152,0.015
6155,0.1133
6157,0.0155
6159,0.1721
6167,0.3416
6183,0.0171
6194,0.2204
6197,0.272
6199,0.5558
6207,0.2451
6211,0.4095
6215,0.2567
6218,0.2003
6219,0.0844
6224,0.3172
6230,0.4524
6232,0.3014
6237,0.2106
6239,0.1925
6252,0.0155
6256,0.3398
6261,0.228
6263,0.0155
6281,0.2775
6303,0.2731
6309,0.1022
6312,0.1917
6315,0.1055
6316,0.1066
6323,0.2716
6337,0.2041
6343,0.2568
6354,0.2273
6357,0.1141
6360,0.2585
6362,0.3191
6368,0.3899
6378,0.2256
6383,0.2549
6385,0.3572
6414,0.2833
6417,0.387
6420,0.3011
6427,0.0155
6431,0.1576
6440,0.2525
6444,0.2639
6447,0.2844
6448,0.1497
6449,0.2749
6453,0.069
6454,0.1754
6455,0.3008
6459,0.3361
6460,0.2925
6464,0.2936
6469,0.3353
6471,0.2891
6484,0.2302
6486,0.2515
6496,0.3361
6507,0.1864
6509,0.2312
6525,0.3206
6528,0.0559
6532,0.201
6541,0.1987
6543,0.2362
6555,0.2841
6556,0.2168
6562,0.1292
6564,0.2381
6568,0.1137
6571,0.2755
6572,0.2152
6606,0.2138
6608,0.1171
6610,0.1651
6614,0.1502
6615,0.015
6629,0.1388
6645,0.1841
6646,0.2419
6672,0.244
6690,0.3089
6697,0.2273
6704,0.2544
6706,0.4041
6717,0.5178
6724,0.1775
6726,0.2706
6732,0.3236
6744,0.351
6747,0.4181
6767,0.1013
6771,0.5151
6774,0.1739
6782,0.1849
6787,0.2061
6790,0.2982
6794,0.2336
6798,0.0926
6800,0.2217
6801,0.2799
6806,0.2844
6818,0.338
6831,0.2281
6832,0.2924
6847,0.015
6849,0.1083
6854,0.1937
6856,0.2544
6858,0.2694
6869,0.2635
6878,0.3062
6893,0.2267
6917,0.2673
6919,0.2008
6923,0.34
6941,0.2976
6951,0.2968
6957,0.3811
6963,0.1537
6970,0.5227
6971,0.015
6975,0.1056
7026,0.3566
7041,0.1902
7064,0.3187
7074,0.187
7081,0.1521
7085,0.2208
7103,0.2816
7107,0.2273
7128,0.015
7154,0.015
7163,0.2691
7165,0.2688
7170,0.015
7174,0.2931
7178,0.2588
7182,0.255
7184,0.3868
7191,0.2821
7193,0.3173
7206,0.015
7209,0.1452
7210,0.1774
7211,0.015
7228,0.3118
7236,0.3122
7256,0.2643
7260,0.2521
7267,0.0158
7270,0.3307
7273,0.1511
7274,0.0603
7278,0.1977
7289,0.4333
7305,0.0906
7315,0.3265
7323,0.2009
7324,0.1005
7327,0.5331
7335,0.3174
7342,0.3697
7343,0.0981
7348,0.015
7352,0.2177
7353,0.2013
7356,0.2018
7366,0.2656
7375,0.0202
7383,0.2991
7392,0.3552
7396,0.0666
7405,0.0931
7431,0.2157
7446,0.0792
7449,0.1625
7456,0.2715
7483,0.0925
7494,0.3221
7496,0.1826
7499,0.2783
7501,0.2028
7515,0.3627
7521,0.383
7522,0.0817
7526,0.015
7540,0.2878
7548,0.2569
7556,0.303
7563,0.3003
7567,0.211
7570,0.2921
7595,0.1929
7596,0.2515
7598,0.1634
7600,0.015
7612,0.3879
7617,0.1948
7630,0.2879
7633,0.231
7638,0.1554
7639,0.1417
7642,0.297
7653,0.2884
7694,0.3563
7695,0.2561
7700,0.0163
7708,0.2694
7711,0.1071
7712,0.5202
7723,0.4454
7734,0.2598
7741,0.0687
7743,0.1239
7744,0.3279
7745,0.3089
7750,0.3567
7753,0.1849
7758,0.1987
7764,0.2774
7766,0.21
7767,0.2612
7771,0.015
7780,0.1129
7788,0.1268
7789,0.291
7790,0.4272
7808,0.2531
7809,0.2275
7814,0.0682
7816,0.015
7826,0.3589
7845,0.2511
7847,0.2277
7851,0.2483
7852,0.334
7860,0.3139
7866,0.2365
7867,0.1724
7896,0.2255
7907,0.2425
7913,0.1618
7920,0.3931
7927,0.1522
7932,0.0907
7933,0.1531
7935,0.3979
7938,0.143
7950,0.0172
7953,0.2466
7956,0.2224
7961,0.2809
7964,0.3299
7978,0.2615
7981,0.3867
7993,0.3311
7994,0.2719
8002,0.015
8003,0.1901
8012,0.089
8014,0.3021
8021,0.1347
8022,0.211
8027,0.3411
8029,0.1106
8039,0.2991
8041,0.2709
8048,0.3675
8076,0.3874
8078,0.1255
8095,0.1516
8099,0.1908
8104,0.2628
8109,0.1931
8110,0.1964
8116,0.2846
8119,0.0458
8121,0.1449
8125,0.0172
8127,0.1243
8134,0.3856
8135,0.1537
8136,0.2128
8138,0.311
8151,0.1773
8153,0.3959
8154,0.1923
8157,0.229
8159,0.0158
8160,0.2202
8171,0.1619
8172,0.376
8181,0.2588
8188,0.3452
8191,0.4782
8198,0.2595
8207,0.2348
8208,0.0822
8210,0.0881
8216,0.0789
8221,0.2023
8223,0.1212
8230,0.3249
8248,0.3865
8253,0.2383
8254,0.1201
8255,0.2347
8259,0.1799
8263,0.2937
8265,0.316
8269,0.2145
8273,0.0155
8276,0.1762
8279,0.0172
8282,0.2434
8283,0.2398
8284,0.2373
8303,0.2114
8310,0.0856
8312,0.366
8324,0.015
8328,0.3712
8332,0.0649
8348,0.237
8350,0.0704
8355,0.2454
8359,0.2925
8362,0.0155
8367,0.2839
8370,0.1178
8383,0.124
8386,0.2034
8387,0.2657
8388,0.3459
8391,0.3911
8392,0.0715
8404,0.1527
8410,0.2567
8411,0.2541
8412,0.2269
8417,0.1492
8428,0.1294
8434,0.1492
8443,0.0589
8444,0.1413
8445,0.2508
8448,0.1357
8454,0.24
8457,0.3314
8460,0.1936
8470,0.2567
8479,0.1134
8480,0.015
8482,0.164
8487,0.3629
8489,0.2606
8498,0.2513
8510,0.2997
8514,0.122
8520,0.2881
8523,0.2426
8534,0.2581
8541,0.1967
8548,0.1677
8550,0.015
8551,0.3839
8557,0.2258
8562,0.2669
8565,0.0173
8570,0.309
8584,0.0681
8606,0.2468
8612,0.254
8613,0.0155
8623,0.2821
8630,0.1285
8635,0.398
8638,0.2982
8639,0.25
8644,0.2759
8658,0.2381
8673,0.2365
8694,0.3658
8695,0.0866
8710,0.1143
8713,0.015
8715,0.122
8721,0.2749
8722,0.2765
8723,0.0422
8724,0.113
8728,0.2494
8730,0.1272
8732,0.1283
8735,0.3303
8740,0.0554
8741,0.1161
8749,0.1864
8752,0.226
8762,0.0799
8764,0.0155
8767,0.2618
8769,0.2075
8779,0.0525
8787,0.4005
8798,0.1784
8806,0.254
8809,0.2882
8810,0.3219
8812,0.2229
8813,0.0571
8816,0.17
8819,0.3199
8820,0.0999
8821,0.2724
8824,0.5803
8845,0.2939
8859,0.1368
8864,0.2792
8866,0.2797
8880,0.1944
8888,0.1851
8890,0.1497
8899,0.1596
8907,0.307
8911,0.1546
8932,0.2236
8944,0.2446
8958,0.3539
8959,0.015
8967,0.1843
8978,0.3135
8987,0.204
8998,0.088
9006,0.2668
9010,0.1624
9012,0.1866
9023,0.2328
9025,0.2272
9029,0.2325
9030,0.2985
9032,0.0155
9039,0.2235
9042,0.015
9045,0.234
9064,0.015
9070,0.0936
9075,0.2227
9080,0.383
9085,0.0157
9087,0.2787
9089,0.1686
9091,0.2398
9096,0.2283
9099,0.1878
9104,0.2109
9119,0.0181
9132,0.3458
9149,0.278
9164,0.0748
9165,0.2678
9166,0.321
9180,0.1554
9188,0.2739
9191,0.1971
9201,0.1475
9202,0.2801
9204,0.2077
9212,0.3539
9216,0.015
9220,0.3725
9224,0.3045
9227,0.2057
9232,0.2788
9242,0.3608
9243,0.2014
9245,0.209
9248,0.3077
9249,0.2487
9253,0.0729
9260,0.1125
9278,0.0567
9281,0.3186
9287,0.292
9288,0.2736
9294,0.2055
9295,0.1458
9296,0.2363
9300,0.3119
9306,0.2954
9317,0.2111
9320,0.201
9324,0.2819
9337,0.1205
9338,0.0894
9359,0.2123
9368,0.3523
9369,0.0925
9390,0.3258
9396,0.2422
9404,0.2703
9411,0.3414
9412,0.1515
9422,0.2158
9423,0.2898
9424,0.177
9425,0.2228
9426,0.2249
9430,0.2156
9436,0.2576
9452,0.288
9456,0.0994
9466,0.2315
9469,0.1702
9491,0.2032
9508,0.17
9512,0.1953
9519,0.099
9520,0.1076
9529,0.3429
9530,0.1361
9534,0.1491
9535,0.3496
9540,0.1615
9547,0.1486
9571,0.0563
9573,0.1439
9580,0.2073
9586,0.2419
9587,0.1381
9593,0.29
9596,0.2449
9598,0.1666
9611,0.1192
9621,0.249
9627,0.2459
9634,0.1608
9642,0.2581
9645,0.2214
9652,0.3235
9653,0.3764
9663,0.1531
9665,0.3552
9670,0.1075
9677,0.2142
9679,0.1132
9681,0.3284
9683,0.2849
9690,0.1797
9695,0.1119
9705,0.2313
9706,0.4137
9712,0.2566
9721,0.0553
9724,0.1867
9727,0.0159
9729,0.015
9736,0.1522
9749,0.0155
9760,0.3876
9765,0.2157
9770,0.1738
9781,0.2183
9784,0.015
9795,0.3755
9811,0.1558
9812,0.015
9819,0.2001
9826,0.1799
9841,0.0833
9846,0.064
9849,0.1385
9854,0.2195
9861,0.2882
9869,0.0155
9872,0.2651
9873,0.015
9879,0.3044
9880,0.0155
9881,0.1646
9893,0.2202
9902,0.2785
9903,0.3974
9911,0.0158
9912,0.3493
9915,0.4949
9918,0.2562
9921,0.2209
9926,0.0736
9931,0.2762
9933,0.1886
9940,0.1678
9951,0.3456
9965,0.1026
9972,0.1562
9976,0.2641
9982,0.0899
10001,0.2088
10003,0.2254
10006,0.1464
10017,0.1806
10021,0.4528
10025,0.1733
10026,0.1692
10027,0.2383
10033,0.1788
10035,0.2273
10056,0.1406
10060,0.169
10064,0.1417
10067,0.2623
10071,0.0158
10072,0.3815
10083,0.3918
10090,0.2466
10093,0.132
10104,0.3123
10111,0.1286
10120,0.1719
10143,0.2679
10147,0.4814
10152,0.2453
10164,0.5328
10168,0.152
10173,0.015
10174,0.2985
10177,0.2868
10181,0.3543
10182,0.1825
10185,0.0683
10186,0.3251
10199,0.2196
10213,0.1634
10220,0.3071
10222,0.0739
10224,0.2612
10226,0.1233
10233,0.1674
10244,0.0349
10254,0.2002
10255,0.3696
10262,0.0796
10267,0.3257
10273,0.1621
10277,0.2711
10290,0.1342
10296,0.1944
10304,0.2354
10320,0.2133
10324,0.0175
10334,0.2886
10335,0.2015
10346,0.2203
10350,0.0738
10351,0.1795
10367,0.0557
10373,0.1457
10376,0.2491
10381,0.2585
10382,0.2948
10386,0.2297
10392,0.2407
10397,0.2406
10407,0.2091
10414,0.3665
10432,0.1294
10437,0.1505
10441,0.0831
10443,0.2785
10461,0.0986
10466,0.3952
10473,0.2648
10485,0.1296
10486,0.0458
10493,0.106
10502,0.1628
10518,0.1151
10534,0.3318
10537,0.2867
10550,0.2637
10553,0.2438
10556,0.2571
10563,0.1143
10574,0.2941
10584,0.1235
10613,0.1627
10627,0.1536
10630,0.06
10637,0.015
10638,0.1896
10641,0.0158
10643,0.2967
10649,0.3121
10656,0.246
10659,0.2083
10667,0.2709
10671,0.353
10674,0.3725
10678,0.1616
10679,0.1867
10681,0.2195
10684,0.0155
10694,0.1821
10697,0.2771
10709,0.4185
10713,0.015
10715,0.0155
10718,0.2299
10723,0.015
10735,0.2429
10743,0.3602
10746,0.2445
10763,0.1062
10767,0.4613
10772,0.0155
10779,0.0674
10781,0.3019
10800,0.1367
10804,0.225
10808,0.2249
10825,0.4441
10827,0.3478
10828,0.1954
10831,0.122
10842,0.2829
10859,0.3642
10876,0.3961
10890,0.28
10896,0.0878
10907,0.209
10909,0.1942
10919,0.2947
10923,0.1688
10925,0.1746
10937,0.2092
10943,0.2203
10951,0.1306
10953,0.2706
10954,0.2415
10960,0.175
10962,0.1888
10972,0.1786
10976,0.2036
10977,0.1721
10981,0.1717
11000,0.0876
11011,0.2606
11013,0.1769
11022,0.3043
11032,0.2604
11036,0.2455
11042,0.3312
11044,0.0972
11055,0.3154
11056,0.3016
11057,0.3586
11064,0.1196
11078,0.3501
11080,0.1393
11081,0.2838
11105,0.1967
11113,0.3988
11133,0.4236
11138,0.3896
11142,0.2216
11157,0.0934
11161,0.3038
11167,0.132
11179,0.3049
11182,0.1907
11185,0.2161
11188,0.1545
11196,0.2264
11197,0.1567
11202,0.2986
11210,0.0158
11218,0.0817
11232,0.2794
11237,0.2801
11242,0.3349
11252,0.2024
11256,0.3188
11260,0.2358
11266,0.144
11281,0.365
11290,0.082
11291,0.3792
11312,0.2839
11313,0.1738
11315,0.3758
11317,0.2834
11321,0.0158
11322,0.2647
11361,0.2959
11371,0.3674
11372,0.3871
11377,0.1335
11381,0.2342
11386,0.3121
11392,0.0161
11405,0.078
11408,0.2879
11412,0.1248
11428,0.235
11439,0.0748
11440,0.2753
11441,0.015
11446,0.2843
11461,0.2093
11463,0.1103
11466,0.2187
11467,0.2169
11470,0.2988
11474,0.2537
11488,0.3269
11490,0.3755
11501,0.2568
11502,0.2532
11504,0.212
11505,0.117
11507,0.2967
11519,0.2554
11527,0.2225
11528,0.2967
11531,0.3111
11542,0.0974
11559,0.2184
11566,0.271
11568,0.1502
11571,0.2188
11573,0.4135
11577,0.2596
11581,0.2093
11585,0.1001
11593,0.2593
11595,0.2953
11596,0.363
11599,0.2767
11603,0.1021
11608,0.2936
11610,0.2826
11652,0.2201
11661,0.3084
11675,0.1497
11676,0.1108
11677,0.3254
11678,0.015
11687,0.154
11693,0.1428
11706,0.1187
11708,0.1238
11718,0.2285
11725,0.3266
11726,0.1904
11742,0.1035
11751,0.1954
11754,0.214
11760,0.3126
11766,0.2145
11789,0.3126
11792,0.101
11794,0.2557
11796,0.2477
11801,0.251
11806,0.256
11808,0.2429
11810,0.1608
11816,0.0163
11828,0.1807
11838,0.1716
11840,0.2689
11845,0.2763
11858,0.2328
11868,0.2592
11872,0.2939
11876,0.1172
11885,0.1624
11892,0.2428
11893,0.1186
11895,0.1324
11901,0.3933
11908,0.0893
11910,0.2202
11911,0.2
11924,0.2214
11931,0.1502
11941,0.1181
11942,0.4328
11950,0.2543
11987,0.2577
11993,0.3207
11997,0.2552
12009,0.2224
12015,0.1151
12019,0.3006
12025,0.4168
12032,0.197
12045,0.0158
12046,0.3114
12050,0.1579
12067,0.0988
12082,0.3639
12085,0.2243
12086,0.1349
12087,0.369
12102,0.2959
12104,0.1906
12112,0.0155
12113,0.084
12133,0.2936
12139,0.264
12144,0.3118
12145,0.3973
12158,0.2864
12159,0.2803
12160,0.0472
12161,0.0511
12163,0.2511
12166,0.4228
12191,0.015
12194,0.2538
12195,0.1285
12206,0.1068
12212,0.1365
12214,0.2009
12217,0.3402
12218,0.205
12225,0.185
12244,0.3278
12249,0.0907
12256,0.1292
12260,0.252
12272,0.1905
12274,0.2619
12278,0.0155
12291,0.0155
12330,0.2245
12331,0.0661
12347,0.3415
12354,0.016
12356,0.1096
12366,0.0949
12370,0.1558
12375,0.2932
12380,0.2353
12401,0.1437
12409,0.2314
12418,0.0749
12419,0.0175
12420,0.1711
12431,0.2154
12434,0.0155
12443,0.0492
12463,0.1176
12469,0.1202
12472,0.326
12473,0.2274
12480,0.3186
12491,0.2603
12492,0.1992
12501,0.0158
12503,0.0673
12504,0.0766
12505,0.0989
12511,0.2564
12512,0.1847
12518,0.1862
12522,0.2117
12526,0.0158
12540,0.3389
12552,0.3872
12553,0.2979
12569,0.1829
12574,0.2527
12576,0.257
12579,0.1106
12580,0.3073
12587,0.186
12589,0.328
12592,0.0155
12600,0.05
12603,0.2762
12610,0.2295
12613,0.1165
12623,0.1532
12627,0.057
12633,0.0173
12639,0.0556
12642,0.1598
12650,0.2067
12651,0.2484
12661,0.2189
12669,0.1557
12673,0.2208
12676,0.4374
12680,0.3273
12684,0.3242
12689,0.1722
12697,0.2412
12706,0.2112
12707,0.1591
12708,0.4243
12722,0.1966
12724,0.1959
12752,0.3296
12753,0.0567
12758,0.1222
12767,0.4051
12781,0.2492
12801,0.1943
12813,0.0727
12815,0.2484
12818,0.1165
12824,0.0155
12826,0.203
12828,0.3688
12834,0.1746
12836,0.1683
12844,0.2561
12845,0.1923
12846,0.3479
12862,0.1593
12869,0.178
12871,0.3007
12873,0.1635
12875,0.3553
12881,0.174
12883,0.1641
12886,0.1805
12889,0.2675
12891,0.0792
12895,0.2827
12896,0.2442
12932,0.4535
12935,0.0729
12948,0.1334
12962,0.0155
12998,0.1118
13000,0.3225
13009,0.4267
13016,0.2272
13018,0.299
13021,0.1258
13023,0.1905
13024,0.1548
13036,0.2784
13040,0.1878
13049,0.2657
13054,0.0567
13056,0.3234
13057,0.1676
13059,0.297
13067,0.2178
13081,0.0155
13084,0.2887
13085,0.2535
13089,0.2649
13100,0.3131
13106,0.1882
13114,0.1504
13119,0.2545
13120,0.3028
13122,0.0648
13127,0.3106
13131,0.1343
13133,0.3408
13136,0.1999
13139,0.252
13141,0.2163
13164,0.1434
13165,0.3244
13170,0.015
13179,0.075
13181,0.1984
13183,0.2446
13184,0.2646
13196,0.3409
13204,0.1178
13210,0.0161
13238,0.2448
13240,0.2239
13246,0.2128
13265,0.139
13270,0.3244
13273,0.2136
13274,0.0985
13282,0.2471
13284,0.214
13285,0.0662
13299,0.1303
13307,0.1794
13308,0.015
13310,0.2886
13325,0.2031
13327,0.1459
13330,0.1772
13332,0.1824
13333,0.2233
13334,0.2423
13338,0.315
13371,0.2529
13373,0.3721
13375,0.1783
13379,0.244
13380,0.183
13381,0.1151
13385,0.3334
13395,0.1342
13403,0.2414
13407,0.015
13415,0.2552
13418,0.1983
13431,0.1647
13438,0.3212
13441,0.1204
13445,0.0657
13461,0.2567
13467,0.2203
13474,0.3626
13481,0.2719
13482,0.1252
13484,0.3797
13492,0.0992
13508,0.3873
13516,0.3626
13520,0.1986
13524,0.1387
13531,0.2088
13543,0.1841
13545,0.1539
13554,0.3171
13560,0.1607
13573,0.2937
13574,0.3534
13590,0.3104
13594,0.2619
13603,0.1641
13604,0.1381
13611,0.2345
13616,0.3251
13618,0.2976
13623,0.2725
13630,0.1204
13634,0.0755
13635,0.1268
13639,0.2866
13640,0.2401
13647,0.2427
13651,0.3434
13652,0.3856
13656,0.2118
13669,0.2136
13672,0.3269
13702,0.2504
13726,0.3089
13729,0.2043
13732,0.1525
13738,0.017
13744,0.2618
13748,0.015
13766,0.015
13770,0.5105
13774,0.0912
13778,0.1794
13784,0.2618
13791,0.1531
13797,0.3866
13798,0.2337
13799,0.1792
13806,0.2236
13816,0.3308
13817,0.292
13818,0.1673
13825,0.1306
13838,0.2369
13843,0.1166
13848,0.3732
13858,0.0595
13867,0.2897
13872,0.1184
13889,0.1023
13901,0.1847
13915,0.0622
13919,0.2368
13926,0.2279
13929,0.301
13933,0.2491
13937,0.1548
13939,0.148
13947,0.2582
13949,0.3653
13955,0.1749
13958,0.2025
13969,0.2393
13973,0.1489
13981,0.3023
13983,0.3021
13998,0.2762
14005,0.1562
14006,0.1781
14008,0.2856
14011,0.0155
14018,0.225
14040,0.3466
14048,0.3312
14057,0.1724
14059,0.015
14063,0.1619
14064,0.1646
14071,0.1141
14080,0.2643
14084,0.2681
14102,0.2554
14104,0.0158
14110,0.2501
14114,0.1637
14123,0.1945
14130,0.1526
14135,0.236
14139,0.1216
14147,0.1183
14148,0.134
14160,0.1859
14162,0.1749
14168,0.1169
14169,0.2084
14177,0.2878
14178,0.1282
14197,0.1971
14199,0.2448
14204,0.2052
14205,0.2524
14206,0.0155
14214,0.1838
14234,0.2877
14240,0.2364
14243,0.2619
14251,0.015
14262,0.0977
14268,0.2862
14283,0.1578
14295,0.1924
14299,0.1079
14304,0.3426
14307,0.241
14309,0.1864
14315,0.215
14324,0.0815
14342,0.2561
14354,0.0695
14359,0.0159
14365,0.306
14367,0.2726
14369,0.3178
14380,0.1394
14381,0.192
14382,0.1456
14402,0.1735
14403,0.2956
14405,0.367
14412,0.2283
14416,0.2277
14419,0.0645
14423,0.2146
14429,0.1336
14432,0.4148
14433,0.0155
14435,0.2887
14450,0.015
14454,0.2894
14456,0.2882
14458,0.1109
14465,0.015
14467,0.2798
14475,0.1306
14482,0.2659
14495,0.3304
14504,0.2176
14510,0.1936
14529,0.244
14531,0.3435
14549,0.3004
14554,0.4274
14566,0.276
14568,0.2751
14573,0.0781
14574,0.3113
14575,0.1424
14576,0.1403
14578,0.0155
14580,0.1808
14590,0.2395
14594,0.1028
14606,0.3718
14620,0.3299
14621,0.2894
14622,0.1534
14658,0.2395
14665,0.3106
14668,0.0753
14681,0.2181
14682,0.1847
14690,0.2345
14692,0.196
14701,0.3301
14704,0.0795
14711,0.2541
14712,0.1573
14716,0.2143
14718,0.1553
14728,0.2282
14730,0.2536
14731,0.3216
14741,0.3318
14754,0.1782
14755,0.2412
14756,0.0172
14763,0.0634
14767,0.1113
14774,0.2644
14776,0.2216
14796,0.0158
14798,0.2003
14803,0.2794
14804,0.3675
14814,0.1606
14819,0.3553
14830,0.2813
14847,0.0158
14863,0.3171
14865,0.1702
14871,0.1858
14881,0.113
14896,0.2532
14903,0.2611
14921,0.2062
14925,0.287
14938,0.1402
14940,0.2571
14944,0.2568
14948,0.2492
14951,0.1873
14954,0.2053
14964,0.2882
14970,0.2514
14986,0.1367
14987,0.1439
14988,0.242
14990,0.2052
14997,0.2754
15005,0.0172
15007,0.1028
15011,0.2622
15023,0.015
15041,0.015
15058,0.1044
15059,0.258
15070,0.2261
15086,0.1063
15097,0.0937
15100,0.0952
15117,0.215
15118,0.2527
15130,0.2744
15131,0.2754
15132,0.015
15150,0.1936
15162,0.189
15163,0.3947
15172,0.1165
15175,0.3022
15188,0.296
15207,0.1982
15210,0.015
15217,0.2252
15220,0.3632
15221,0.3424
15236,0.3563
15239,0.2436
15251,0.2585
15254,0.2207
15267,0.0664
15269,0.2267
15272,0.1475
15283,0.1715
15302,0.4489
15303,0.1846
15304,0.3384
15307,0.0498
15309,0.5003
15331,0.1978
15337,0.3642
15339,0.3471
15347,0.1447
15350,0.1447
15359,0.1804
15364,0.2827
15369,0.0638
15377,0.1068
15378,0.2234
15383,0.2482
15393,0.1552
15394,0.2053
15408,0.1889
15416,0.322
15422,0.1008
15428,0.3075
15429,0.2277
15433,0.3508
15438,0.386
15447,0.2656
15453,0.1237
15463,0.0762
15466,0.1289
15468,0.2148
15478,0.3507
15479,0.1816
15483,0.2399
15488,0.316
15496,0.1661
15509,0.1709
15510,0.419
15522,0.1401
15529,0.1768
15532,0.1712
15545,0.2533
15547,0.1103
15560,0.1435
15562,0.249
15563,0.0652
15589,0.0905
15590,0.1749
15592,0.3097
15597,0.0795
15600,0.1383
15611,0.2377
15630,0.2022
15640,0.132
15646,0.3671
15648,0.2955
15649,0.2535
15650,0.3535
15651,0.1817
15661,0.207
15667,0.2442
15670,0.105
15673,0.015
15674,0.0155
15684,0.1967
15704,0.1023
15706,0.1641
15710,0.016
15718,0.2661
15727,0.2211
15733,0.35
15756,0.2386
15775,0.2932
15786,0.2098
15791,0.3802
15798,0.1137
15813,0.2007
15818,0.0803
15828,0.2267
15833,0.2242
15843,0.2372
15844,0.2662
15858,0.2619
15863,0.2446
15865,0.1259
15868,0.2097
15871,0.3872
15872,0.2688
15874,0.2616
15875,0.253
15884,0.1047
15889,0.1506
15891,0.0752
15911,0.1352
15917,0.2173
15920,0.0968
15928,0.0185
15939,0.1949
15951,0.0499
15959,0.0813
15960,0.254
15968,0.1489
15978,0.3958
15990,0.1281
15994,0.015
16000,0.0173
16001,0.2909
16002,0.11
16007,0.015
16014,0.1834
16031,0.2519
16033,0.0688
16065,0.0985
16079,0.0762
16089,0.172
16091,0.1802
16121,0.217
16122,0.1386
16127,0.0982
16131,0.1405
16135,0.2978
16149,0.1589
16153,0.4427
16164,0.2771
16172,0.1726
16176,0.0613
16183,0.0156
16190,0.105
16194,0.2571
16196,0.015
16202,0.268
16203,0.2176
16229,0.2257
16234,0.3323
16243,0.0487
16249,0.1569
16254,0.015
16265,0.2162
16271,0.27
16275,0.2419
16276,0.0552
16280,0.2985
16291,0.2332
16293,0.3468
16294,0.2303
16301,0.1174
16302,0.1473
16305,0.3045
16307,0.167
16317,0.1333
16320,0.0949
16324,0.2254
16326,0.3292
16336,0.3643
16339,0.2044
16346,0.2857
16350,0.0703
16359,0.2464
16368,0.3062
16370,0.2853
16381,0.316
16390,0.1982
16392,0.0761
16395,0.1553
16401,0.2532
16407,0.2484
16408,0.343
16423,0.0557
16436,0.4682
16448,0.2732
16458,0.0687
16470,0.3938
16473,0.2663
16474,0.2304
16487,0.239
16489,0.1946
16493,0.2326
16495,0.2511
16497,0.2025
16524,0.3292
16531,0.0652
16536,0.3059
16543,0.1532
16544,0.2574
16550,0.2478
16563,0.4117
16564,0.4014
16569,0.4667
16575,0.2119
16580,0.0568
16582,0.229
16592,0.4654
16597,0.102
16598,0.2663
16600,0.073
16609,0.1002
16611,0.2288
16612,0.2422
16614,0.382
16620,0.1057
16629,0.3476
16636,0.1659
16640,0.2635
16642,0.2556
16656,0.0596
16677,0.2437
16682,0.0716
16687,0.0155
16706,0.2419
16711,0.0512
16719,0.1559
16721,0.2671
16728,0.2417
16744,0.2498
16753,0.1748
16755,0.1147
16761,0.198
16767,0.2532
16773,0.2543
16776,0.2784
16785,0.2529
16790,0.2837
16792,0.0313
16795,0.2289
16823,0.1189
16825,0.07
16831,0.2209
16834,0.2245
16847,0.3103
16858,0.1927
16859,0.1786
16861,0.1068
16866,0.1931
16869,0.1173
16873,0.115
16877,0.2855
16880,0.1254
16883,0.237
16895,0.1612
16897,0.0939
16899,0.0541
16904,0.2494
16906,0.2997
16910,0.1454
16917,0.065
16922,0.3618
16926,0.1532
16928,0.3192
16929,0.2269
16954,0.1652
16973,0.3756
16978,0.1193
16981,0.0628
16985,0.2382
16991,0.3603
16993,0.2447
16994,0.2403
16996,0.1031
16997,0.0908
17005,0.1656
17007,0.1522
17018,0.1484
17020,0.3388
17024,0.241
17027,0.1375
17031,0.4133
17053,0.2054
17058,0.0923
17059,0.2492
17064,0.1178
17065,0.1014
17076,0.3096
17080,0.2048
17089,0.2213
17091,0.1624
17098,0.1677
17119,0.015
17127,0.2278
17128,0.2482
17135,0.0895
17136,0.0803
17139,0.2101
17151,0.3578
17162,0.2767
17167,0.205
17170,0.2983
17174,0.2586
17178,0.242
17183,0.2013
17189,0.2486
17192,0.3963
17202,0.1832
17220,0.1424
17243,0.1478
17245,0.2255
17251,0.2492
17260,0.1456
17261,0.1846
17264,0.2671
17266,0.0966
17271,0.073
17273,0.1622
17275,0.1489
17278,0.2552
17284,0.1059
17300,0.063
17305,0.2828
17315,0.181
17317,0.3617
17319,0.1903
17323,0.3109
17330,0.2589
17332,0.4054
17333,0.2614
17334,0.0888
17338,0.3491
17342,0.1307
17343,0.2771
17345,0.2479
17352,0.1615
17355,0.2956
17361,0.2519
17379,0.1947
17383,0.2662
17399,0.4434
17400,0.2278
17414,0.1784
17420,0.139
17426,0.0938
17435,0.19
17436,0.5077
17449,0.227
17455,0.2696
17456,0.3039
17458,0.2017
17460,0.273
17461,0.3034
17468,0.2094
17482,0.1892
17483,0.2654
17492,0.0653
17494,0.1264
17502,0.0915
17506,0.1789
17518,0.2564
17535,0.2202
17539,0.2266
17592,0.203
17596,0.1016
17600,0.1672
17604,0.367
17615,0.2186
17618,0.0155
17628,0.1846
17637,0.1714
17642,0.1043
17646,0.2402
17650,0.3446
17652,0.1723
17653,0.1963
17680,0.3093
17689,0.2588
17693,0.2272
17695,0.2113
17698,0.317
17709,0.356
17717,0.1033
17743,0.4789
17748,0.2607
17754,0.159
17756,0.3565
17763,0.3692
17772,0.1931
17774,0.3019
17775,0.2119
17781,0.2116
17782,0.2886
17786,0.3128
17789,0.1084
17790,0.3205
17791,0.213
17792,0.0683
17796,0.1187
17821,0.2043
17824,0.1955
17826,0.2581
17836,0.4474
17864,0.2198
17866,0.0982
17877,0.243
17878,0.1902
17882,0.0774
17885,0.2991
17887,0.0626
17890,0.1996
17891,0.2609
17923,0.2476
17932,0.2899
17933,0.144
17935,0.128
17945,0.2633
17947,0.3229
17950,0.2366
17954,0.1681
17962,0.0755
17982,0.0609
17990,0.103
17993,0.2297
17997,0.2659
18001,0.0659
18009,0.2756
18011,0.218
18016,0.1765
18024,0.0803
18028,0.2739
18038,0.2876
18042,0.1412
18050,0.2633
18051,0.2958
18054,0.2299
18055,0.2991
18074,0.3193
18077,0.1471
18080,0.331
18084,0.3492
18095,0.0168
18100,0.1904
18133,0.0582
18136,0.2417
18141,0.3278
18150,0.1657
18173,0.1274
18175,0.4879
18177,0.129
18183,0.2863
18184,0.1152
18190,0.2841
18201,0.1611
18205,0.3384
18224,0.0831
18231,0.3574
18233,0.2598
18238,0.1222
18248,0.1415
18249,0.4202
18250,0.2508
18284,0.2783
18287,0.2747
18304,0.2227
18305,0.2164
18307,0.2985
18326,0.1817
18328,0.2693
18337,0.1755
18339,0.3144
18340,0.3096
18341,0.2719
18345,0.0815
18363,0.2176
18373,0.1814
18374,0.3089
18381,0.0155
18384,0.0155
18391,0.257
18396,0.3564
18414,0.3398
18419,0.209
18440,0.1828
18443,0.1301
18472,0.1834
18488,0.1509
18493,0.1879
18502,0.1086
18504,0.1398
18510,0.0177
18517,0.2099
18520,0.2555
18557,0.0939
18563,0.2512
18583,0.1535
18585,0.2679
18595,0.2324
18597,0.015
18598,0.0744
18605,0.1483
18628,0.4015
18641,0.2117
18649,0.0727
18653,0.3512
18654,0.1094
18669,0.2201
18675,0.3366
18681,0.2371
18683,0.1166
18693,0.2278
18698,0.015
18702,0.1602
18717,0.3796
18721,0.3559
18725,0.1936
18726,0.1692
18727,0.3341
18730,0.2223
18754,0.2434
18765,0.1473
18768,0.1973
18770,0.3276
18774,0.0528
18779,0.1571
18796,0.2521
18801,0.0954
18806,0.2248
18810,0.2806
18815,0.094
18817,0.2286
18818,0.2667
18837,0.2126
18844,0.2292
18847,0.1791
18868,0.1894
18894,0.0372
18902,0.0952
18904,0.2469
18908,0.1829
18909,0.2643
18926,0.1291
18932,0.3442
18934,0.2062
18950,0.1125
18956,0.203
18967,0.015
18979,0.1663
18985,0.2699
18997,0.0888
19008,0.3322
19013,0.0964
19022,0.0584
19037,0.0936
19040,0.2008
19043,0.1447
19056,0.3389
19058,0.3373
19064,0.2283
19068,0.1304
19080,0.1089
19082,0.1143
19085,0.015
19106,0.2254
19107,0.3083
19108,0.1258
19140,0.0825
19149,0.2196
19151,0.2809
19154,0.2558
19155,0.2547
19158,0.0155
19169,0.2831
19172,0.1097
19180,0.4385
19194,0.2426
19200,0.1269
19231,0.1298
19243,0.0752
19244,0.0735
19252,0.2818
19254,0.107
19263,0.2211
19270,0.3781
19274,0.2912
19279,0.1927
19284,0.2173
19285,0.2489
19289,0.105
19298,0.1272
19300,0.1388
19305,0.1614
19308,0.0534
19309,0.2673
19323,0.0155
19342,0.0606
19344,0.2272
19351,0.1775
19365,0.1622
19374,0.0517
19383,0.2195
19384,0.1972
19386,0.2166
19388,0.3442
19397,0.1758
19414,0.3472
19415,0.2682
19425,0.1152
19435,0.2444
19439,0.1344
19443,0.2207
19452,0.1129
19456,0.2143
19466,0.284
19483,0.015
19485,0.2296
19497,0.085
19500,0.241
19502,0.2214
19511,0.0155
19514,0.2322
19519,0.207
19527,0.1161
19528,0.0802
19529,0.1704
19534,0.1625
19536,0.2762
19546,0.0737
19549,0.0785
19561,0.2046
19562,0.2622
19565,0.1003
19566,0.0953
19574,0.1057
19578,0.0848
19581,0.0818
19587,0.2875
19594,0.4218
19597,0.1809
19599,0.0931
19613,0.0606
19617,0.1559
19626,0.0951
19631,0.0686
19644,0.0688
19658,0.2255
19660,0.2206
19667,0.2694
19671,0.2133
19675,0.2911
19679,0.3955
19682,0.0158
19688,0.1305
19697,0.1234
19724,0.2154
19729,0.3711
19734,0.0801
19755,0.2039
19761,0.2425
19778,0.0155
19782,0.0619
19789,0.0861
19796,0.015
19803,0.1242
19808,0.1068
19836,0.2357
19838,0.1409
19842,0.2061
19844,0.1405
19845,0.2123
19848,0.0565
19859,0.1306
19868,0.3721
19877,0.2424
19878,0.4069
19881,0.3641
19886,0.1174
19892,0.0541
19898,0.1783
19908,0.126
19909,0.192
19915,0.0159
19924,0.3235
19931,0.0834
19938,0.3363
19940,0.2651
19946,0.1571
19947,0.2946
19951,0.0155
19965,0.1142
19966,0.1787
19970,0.2306
19973,0.3178
19985,0.072
19989,0.1476
19993,0.2329
19996,0.1324
20000,0.1889
20003,0.1339
20004,0.1687
20005,0.0531
20019,0.1608
20024,0.0551
20027,0.1447
20045,0.3294
20049,0.0931
20053,0.1151
20054,0.1695
20057,0.2195
20088,0.2993
20096,0.2243
20099,0.1732
20109,0.0475
20110,0.0786
20119,0.162
20135,0.1546
20137,0.0585
20138,0.3666
20147,0.1742
20165,0.2934
20175,0.2862
20187,0.16
20189,0.1785
20191,0.361
20202,0.112
20207,0.3208
20208,0.3502
20209,0.0795
20213,0.2166
20217,0.3446
20219,0.0751
20224,0.2464
20235,0.087
20239,0.1297
20251,0.1355
20256,0.1961
20259,0.1048
20260,0.3506
20266,0.0802
20277,0.015
20278,0.0838
20279,0.102
20288,0.2676
20289,0.015
20292,0.0819
20297,0.1864
20300,0.2022
20301,0.1107
20325,0.0857
20328,0.3255
20338,0.3882
20341,0.1252
20354,0.1435
20363,0.2965
20368,0.2967
20397,0.0158
20403,0.2861
20407,0.1846
20415,0.1358
20418,0.3113
20427,0.2864
20428,0.0711
20433,0.1912
20436,0.1845
20441,0.1133
20466,0.1012
20485,0.2688
20486,0.3175
20491,0.0983
20493,0.1634
20496,0.0155
20502,0.1674
20506,0.0155
20507,0.1222
20509,0.2093
20511,0.1132
20516,0.0746
20519,0.0162
20527,0.015
20528,0.058
20540,0.1593
20542,0.3073
20543,0.16
20549,0.2571
20557,0.2944
20558,0.4751
20561,0.3187
20563,0.3857
20570,0.3655
20575,0.0975
20582,0.0543
20584,0.2234
20606,0.0841
20613,0.1143
20618,0.2302
20619,0.2575
20621,0.5068
20624,0.2125
20629,0.1085
20636,0.3232
20648,0.2953
20655,0.0155
20656,0.0158
20657,0.0795
20660,0.2313
20661,0.1351
20662,0.1276
20663,0.1349
20664,0.0821
20668,0.1883
20669,0.2485
20690,0.249
20695,0.3778
20700,0.1467
20716,0.1409
20730,0.0708
20732,0.0746
20738,0.0845
20741,0.0721
20745,0.182
20746,0.2058
20747,0.1823
20761,0.0158
20764,0.0767
20765,0.1895
20768,0.015
20781,0.0158
20783,0.1742
20784,0.2458
20796,0.2447
20797,0.1044
20822,0.1874
20826,0.1872
20829,0.1632
20841,0.368
20843,0.0759
20866,0.2392
20878,0.1822
20879,0.3188
20884,0.2614
20888,0.3246
20908,0.2609
20911,0.2283
20914,0.1707
20916,0.2276
20920,0.3577
20923,0.3151
20931,0.2792
20939,0.2661
20958,0.2688
20964,0.1899
20972,0.3964
20974,0.1835
20975,0.1582
20993,0.1371
20998,0.3403
21010,0.2705
21034,0.1602
21041,0.1708
21044,0.2031
21048,0.3127
21052,0.1134
21056,0.1288
21074,0.3105
21081,0.1706
21082,0.015
21084,0.3177
21101,0.1757
21102,0.2407
21105,0.1899
21110,0.3179
21115,0.0854
21136,0.2951
21138,0.3472
21150,0.015
21162,0.3694
21164,0.3456
21165,0.2843
21177,0.2187
21180,0.453
21190,0.0721
21199,0.3377
21205,0.1072
21223,0.2911
21238,0.37
21254,0.3047
21256,0.1004
21282,0.277
21303,0.1252
21304,0.3264
21306,0.2377
21326,0.346
21347,0.0645
21351,0.1915
21362,0.2954
21371,0.2964
21372,0.182
21380,0.2754
21386,0.1725
21390,0.2442
21396,0.2586
21404,0.3655
21405,0.2345
21414,0.015
21426,0.2048
21431,0.2095
21433,0.1153
21436,0.3578
21445,0.237
21462,0.0864
21470,0.2177
21477,0.1967
21483,0.2881
21500,0.1203
21501,0.2098
21518,0.0158
21528,0.18
21530,0.3238
21535,0.214
21540,0.185
21541,0.2318
21559,0.1541
21565,0.2034
21576,0.3143
21577,0.3235
21584,0.1855
21600,0.3328
21601,0.1977
21602,0.135
21611,0.1862
21616,0.4119
21624,0.2848
21625,0.1304
21631,0.0829
21637,0.1042
21651,0.1848
21652,0.3997
21658,0.3365
21663,0.276
21665,0.1682
21668,0.1541
21673,0.2892
21678,0.0688
21684,0.1997
21699,0.2073
21701,0.1994
21709,0.1121
21713,0.1929
21717,0.4299
21721,0.1518
21723,0.2344
21732,0.3031
21747,0.2723
21751,0.1053
21768,0.1894
21771,0.2541
21773,0.0972
21792,0.2969
21802,0.2109
21805,0.257
21812,0.015
21813,0.3112
21815,0.2658
21824,0.2214
21826,0.2708
21845,0.1865
21846,0.1608
21849,0.2847
21860,0.1685
21880,0.1493
21895,0.015
21897,0.2936
21898,0.2776
21902,0.1497
21912,0.1523
21913,0.321
21922,0.1922
21928,0.3093
21934,0.3318
21937,0.2655
21938,0.291
21943,0.2443
21945,0.1784
21955,0.1297
21968,0.2483
21970,0.1597
21975,0.2354
21981,0.2889
21990,0.1733
21991,0.1577
21994,0.2467
22005,0.1326
22029,0.292
22030,0.3667
22064,0.2935
22094,0.0194
22095,0.1378
22096,0.2112
22100,0.2927
22103,0.0757
22104,0.2826
22106,0.0446
22128,0.015
22134,0.2048
22138,0.1935
22145,0.0802
22148,0.1853
22155,0.1518
22162,0.1487
22169,0.2894
22172,0.1714
22182,0.1
22184,0.3076
22185,0.1275
22186,0.1614
22187,0.2447
22207,0.1778
22209,0.1814
22224,0.2196
22228,0.0951
22238,0.3111
22251,0.2136
22253,0.2249
22263,0.3833
22265,0.1514
22269,0.1488
22288,0.2425
22293,0.1251
22295,0.1466
22300,0.1079
22306,0.1108
22339,0.1172
22341,0.2586
22348,0.1177
22355,0.3093
22356,0.015
22361,0.1164
22384,0.059
22388,0.1846
22389,0.2128
22390,0.2797
22393,0.1577
22400,0.1495
22402,0.071
22409,0.2265
22411,0.5452
22433,0.0646
22435,0.1777
22436,0.0158
22455,0.146
22460,0.2218
22463,0.1973
22464,0.1726
22468,0.1056
22479,0.241
22495,0.1328
22505,0.257
22507,0.1368
22510,0.245
22537,0.262
22546,0.1892
22547,0.2717
22556,0.1107
22561,0.097
22568,0.0757
22569,0.3965
22575,0.2106
22576,0.1295
22579,0.0677
22583,0.1112
22594,0.2448
22599,0.3084
22604,0.1238
22607,0.1657
22612,0.1112
22613,0.015
22616,0.3384
22619,0.0947
22624,0.2221
22628,0.2751
22629,0.0735
22633,0.108
22638,0.1672
22639,0.3208
22642,0.0615
22649,0.0822
22652,0.2622
22653,0.5018
22661,0.1603
22663,0.1568
22681,0.2426
22704,0.1218
22708,0.2267
22709,0.2026
22710,0.2085
22728,0.1642
22731,0.138
22743,0.199
22747,0.2838
22753,0.15
22755,0.2331
22763,0.1963
22770,0.1167
22773,0.2195
22775,0.3192
22782,0.3121
22787,0.1188
22811,0.0896
22812,0.1476
22813,0.2238
22820,0.015
22824,0.241
22833,0.1572
22850,0.1384
22859,0.2753
22871,0.3141
22876,0.1975
22884,0.2411
22904,0.3818
22910,0.4376
22927,0.3201
22930,0.3107
22934,0.1078
22939,0.2752
22952,0.1918
22963,0.3084
22967,0.0741
22971,0.1769
22972,0.3041
22975,0.293
22976,0.1287
22991,0.2667
22995,0.1122
22998,0.3942
23000,0.3352
23004,0.4114
23006,0.0925
23007,0.1822
23012,0.015
23038,0.2105
23051,0.2285
23054,0.221
23066,0.2989
23069,0.2303
23071,0.2212
23076,0.0954
23080,0.1909
23086,0.085
23093,0.2903
23094,0.2524
23107,0.2503
23112,0.3644
23115,0.2735
23119,0.1165
23130,0.191
23132,0.1958
23146,0.0161
23150,0.1011
23155,0.1626
23162,0.2247
23166,0.2013
23173,0.0786
23174,0.0916
23176,0.1293
23187,0.3238
23191,0.197
23194,0.309
23197,0.2844
23205,0.2233
23214,0.1717
23229,0.2017
23231,0.2824
23244,0.1818
23247,0.3507
23257,0.3206
23260,0.0776
23261,0.208
23262,0.2486
23270,0.2245
23273,0.188
23276,0.2672
23282,0.0155
23291,0.131
23295,0.2157
23297,0.1005
23301,0.1908
23303,0.3185
23315,0.2449
23325,0.1223
23327,0.2771
23330,0.1668
23331,0.1832
23332,0.0988
23334,0.1005
23344,0.1802
23384,0.015
23391,0.2231
23393,0.1816
23396,0.2054
23398,0.322
23401,0.1924
23402,0.2398
23425,0.2768
23426,0.3361
23428,0.3126
23431,0.143
23436,0.167
23438,0.015
23444,0.0673
23447,0.3031
23454,0.2419
23457,0.1977
23461,0.0365
23464,0.2686
23466,0.1942
23470,0.0932
23471,0.2464
23472,0.0664
23476,0.3504
23486,0.2009
23489,0.204
23495,0.1845
23502,0.0527
23505,0.2515
23511,0.2289
23529,0.201
23537,0.2659
23542,0.2106
23547,0.2696
23559,0.0936
23566,0.0999
23568,0.0751
23569,0.2308
23584,0.2934
23585,0.0158
23588,0.2131
23598,0.3069
23601,0.0835
23605,0.0992
23608,0.1315
23615,0.1374
23618,0.1719
23637,0.3003
23644,0.318
23666,0.1472
23670,0.1695
23675,0.2181
23677,0.3961
23678,0.0958
23679,0.1203
23682,0.0892
23684,0.269
23692,0.1705
23706,0.1498
23708,0.1371
23709,0.2457
23713,0.1368
23718,0.0678
23723,0.1785
23727,0.015
23738,0.2504
23740,0.1989
23747,0.1561
23749,0.1518
23750,0.2385
23752,0.1415
23760,0.153
23766,0.1578
23776,0.0158
23781,0.3912
23783,0.1609
23785,0.248
23813,0.256
23816,0.2762
23817,0.5058
23819,0.2185
23821,0.1697
23832,0.1795
23835,0.1716
23854,0.2273
23857,0.1279
23871,0.1832
23880,0.2145
23914,0.1327
23920,0.1647
23929,0.1432
23944,0.1863
23955,0.0715
23959,0.1548
23964,0.2037
23965,0.0688
23971,0.123
23977,0.0767
23982,0.3693
23990,0.2596
23994,0.2783
24003,0.2707
24019,0.2012
24025,0.2249
24031,0.0751
24047,0.326
24054,0.286
24072,0.2191
24074,0.2211
24078,0.1788
24089,0.2167
24091,0.3922
24095,0.142
24109,0.2449
24112,0.1959
24125,0.186
24129,0.0737
24130,0.1631
24139,0.1389
24143,0.3106
24145,0.2826
24150,0.2837
24152,0.237
24155,0.2863
24164,0.2963
24187,0.2834
24204,0.3141
24205,0.015
24213,0.1638
24219,0.1726
24228,0.2412
24239,0.1087
24242,0.2002
24246,0.1217
24252,0.0576
24266,0.1975
24271,0.2423
24275,0.4904
24278,0.2785
24281,0.2943
24282,0.2719
24288,0.2304
24304,0.1118
24307,0.2108
24316,0.1697
24319,0.2595
24329,0.2366
24332,0.3071
24336,0.165
24338,0.2721
24343,0.1415
24355,0.2386
24361,0.2819
24362,0.193
24371,0.3095
24383,0.2872
24384,0.0709
24385,0.2358
24388,0.0929
24406,0.2003
24409,0.3222
24412,0.1039
24420,0.2606
24429,0.2293
24431,0.0566
24433,0.2808
24435,0.0156
24442,0.1265
24449,0.3452
24455,0.2019
24457,0.1735
24459,0.2036
24464,0.1521
24471,0.1301
24476,0.1303
24489,0.1141
24495,0.2771
24496,0.0691
24497,0.061
24502,0.2728
24504,0.2192
24508,0.3369
24526,0.435
24528,0.0529
24530,0.2526
24535,0.2695
24539,0.0444
24541,0.2464
24556,0.0925
24561,0.1032
24568,0.2903
24569,0.3082
24576,0.0807
24581,0.0741
24585,0.0942
24587,0.0891
24592,0.2775
24604,0.0677
24606,0.1995
24615,0.1566
24616,0.015
24618,0.1333
24631,0.2291
24644,0.1786
24647,0.0936
24655,0.0684
24665,0.0685
24680,0.015
24685,0.2739
24694,0.292
24695,0.1293
24716,0.1642
24720,0.1765
24723,0.085
24732,0.2279
24735,0.2709
24753,0.189
24761,0.1005
24766,0.24
24769,0.2822
24778,0.0777
24782,0.1023
24783,0.2165
24790,0.2092
24791,0.1639
24802,0.065
24804,0.2292
24811,0.0507
24821,0.1802
24825,0.1997
24831,0.2084
24850,0.0698
24869,0.3062
24870,0.2565
24871,0.0662
24875,0.2396
24877,0.1598
24879,0.0163
24882,0.1304
24904,0.0174
24907,0.1354
24910,0.212
24914,0.1933
24918,0.1549
24932,0.1645
24939,0.297
24941,0.08
24956,0.1774
24980,0.285
24981,0.2226
24994,0.3268
24996,0.2259
25003,0.2637
25008,0.158
25012,0.1438
25013,0.1095
25015,0.0833
25017,0.1296
25018,0.2398
25020,0.206
25030,0.1331
25031,0.3091
25036,0.2275
25040,0.0172
25047,0.1411
25075,0.0805
25077,0.1239
25082,0.1784
25083,0.0789
25089,0.0676
25097,0.1437
25098,0.1354
25101,0.1326
25107,0.3076
25109,0.1276
25115,0.0752
25119,0.2143
25120,0.2028
25121,0.1918
25130,0.3657
25133,0.2991
25149,0.2245
25150,0.2798
25157,0.1664
25162,0.257
25175,0.2059
25186,0.2018
25187,0.0999
25192,0.0934
25196,0.0823
25208,0.061
25209,0.115
25216,0.2765
25221,0.2119
25229,0.0423
25235,0.1982
25245,0.3498
25266,0.2459
25272,0.427
25273,0.3525
25280,0.1689
25301,0.2263
25318,0.2412
25321,0.0536
25322,0.1613
25330,0.0567
25333,0.2306
25340,0.3727
25348,0.0783
25352,0.1393
25357,0.151
25360,0.357
25361,0.0288
25363,0.208
25365,0.0618
25372,0.0852
25389,0.1129
25396,0.153
25398,0.1611
25399,0.0399
25405,0.0799
25408,0.0155
25410,0.3957
25412,0.0885
25419,0.2107
25421,0.1049
25422,0.081
25426,0.3609
25427,0.0877
25437,0.2321
25438,0.1074
25439,0.0672
25441,0.0978
25444,0.2042
25449,0.2504
25451,0.3312
25452,0.0429
25459,0.1574
25461,0.2337
25492,0.2349
25493,0.2024
25496,0.2368
25504,0.2391
25506,0.1807
25513,0.3222
25520,0.3252
25523,0.2781
25530,0.0984
25535,0.0834
25542,0.0927
25547,0.1154
25549,0.101
25560,0.0818
25563,0.1358
25571,0.106
25572,0.127
25592,0.0616
25601,0.0724
25609,0.1656
25616,0.1263
25619,0.2855
25629,0.1583
25633,0.1981
25638,0.0409
25646,0.1049
25647,0.017
25654,0.0921
25657,0.1224
25666,0.1118
25681,0.0759
25682,0.1191
25703,0.0845
25708,0.09
25710,0.1262
25711,0.0795
25712,0.1124
25730,0.0177
25732,0.0649
25735,0.2134
25737,0.1944
25744,0.2037
25750,0.153
25752,0.2698
25757,0.0633
25760,0.0844
25764,0.2146
25766,0.1506
25767,0.1096
25776,0.076
25781,0.1536
25786,0.1604
25789,0.0886
25791,0.1267
25799,0.17
25805,0.2602
25808,0.1678
25814,0.1049
25819,0.1311
25821,0.1283
25822,0.015
25826,0.1836
25830,0.0949
25837,0.2707
25843,0.1299
25849,0.1201
25852,0.3384
25855,0.2415
25859,0.2472
25863,0.2415
25874,0.152
25883,0.1051
25884,0.0729
25889,0.2075
25898,0.2665
25899,0.0623
25907,0.1788
25910,0.1988
25913,0.2914
25915,0.0484
25928,0.1065
25930,0.1594
25942,0.1852
25946,0.0661
25947,0.2391
25948,0.2086
25958,0.0599
25970,0.1738
25973,0.3391
25977,0.1443
25986,0.1687
25991,0.2115
26001,0.1893
26015,0.1688
26016,0.2461
26018,0.1065
26033,0.2594
26034,0.2575
26035,0.197
26069,0.2472
26087,0.0794
26092,0.1991
26101,0.1233
26104,0.2532
26106,0.0801
26109,0.083
26110,0.308
26117,0.3189
26120,0.0557
26123,0.0927
26139,0.298
26145,0.2131
26151,0.1409
26154,0.2581
26155,0.0898
26156,0.1837
26159,0.3129
26161,0.0659
26176,0.0592
26183,0.037
26184,0.1389
26185,0.3273
26186,0.2327
26196,0.1399
26200,0.3291
26202,0.1442
26207,0.1588
26208,0.1129
26209,0.247
26216,0.3111
26235,0.1924
26237,0.1463
26246,0.2544
26247,0.0835
26251,0.0956
26257,0.0717
26275,0.0716
26278,0.2892
26286,0.0155
26297,0.1824
26298,0.2178
26305,0.1827
26310,0.1289
26312,0.2743
26319,0.084
26322,0.0645
26328,0.1875
26334,0.1645
26337,0.1656
26344,0.1267
26355,0.2418
26368,0.0884
26372,0.1722
26376,0.1743
26393,0.2433
26406,0.1439
26414,0.0996
26416,0.0848
26417,0.1358
26418,0.1637
26425,0.1182
26432,0.3119
26433,0.1159
26435,0.1713
26436,0.1661
26440,0.2449
26441,0.1152
26443,0.1025
26454,0.078
26461,0.101
26464,0.2134
26467,0.1398
26470,0.1286
26472,0.2843
26478,0.1766
26479,0.2444
26480,0.1607
26491,0.1518
26497,0.0971
26501,0.1624
26512,0.0799
26513,0.0915
26518,0.3106
26524,0.2616
26527,0.2763
26535,0.1173
26540,0.3128
26543,0.059
26557,0.0937
26558,0.1186
26597,0.1311
26598,0.244
26604,0.2274
26610,0.1596
26617,0.0158
26622,0.083
26627,0.2219
26634,0.0806
26638,0.1653
26657,0.25
26668,0.2115
26672,0.1316
26674,0.1581
26679,0.1014
26680,0.1449
26683,0.3408
26699,0.1111
26701,0.0834
26710,0.1044
26728,0.0705
26732,0.0221
26744,0.0735
26746,0.3903
26755,0.0155
